4720;161002;UVC-8000
4719;161001;UVC-8000
5114;161003;UVC-8000
5956;161004;ATM-100
5957;161005;ATM-100
6221;19-0001;MSS-200 V2
6221;19-0001;MSS-200 V2
8262;20-0006;ATM-100
8284;20-0000;UVC-8120
8289;20-0001;UVC-8120
8290;20-0002;UVC-8120
8291;20-0003;UVC-8120
8292;20-0004;UVC-8120
8293;20-0005;UVC-8120
8294;20-0006;UVC-8120
8295;20-0007;UVC-8120
8296;20-0008;UVC-8120
8297;20-0001;UVC-8110
9298;20-0004;UVC-8000
9324;20-0005;UVC-8000
10877;20-0000;MWD-610
11122;20-0001;MWD-630
11123;20-0002;MWD-630
11124;20-0003;MWD-630
11330;20-0001;ATM-111
11331;20-0002;ATM-111
11332;20-0003;ATM-111
11335;20-0003;ATM-110
11334;20-0002;ATM-110
11333;20-0001;ATM-110
12006;20-0004;MWD-630
12007;20-0005;MWD-630
12008;20-0006;MWD-630
12009;20-0007;MWD-630
12010;20-0008;MWD-630
12199;20-0001;DISP-100
12399;19-0002;MSS-200 V2
12399;19-0002;MSS-200 V2
12400;19-0003;MSS-200 V2
12400;19-0003;MSS-200 V2
13132;20-0001;MWD-620
13133;20-0002;MWD-620
13134;20-0003;MWD-620
13135;20-0004;MWD-620
13136;20-0005;MWD-620
13137;20-0006;MWD-620
13242;20-0002;UVC-8110
14349;20-0009;MWD-630
14350;20-0010;MWD-630
14351;20-0011;MWD-630
14352;20-0012;MWD-630
14353;20-0013;MWD-630
14985;21-0006;APB-6134-W-8I8O
14986;21-0007;APB-6134-W-8I8O
14987;21-0008;APB-6134-W-8I8O
15295;21-0001;Winlet-400
15472;21-0007;MWD-620
15473;21-0008;MWD-620
15474;21-0009;MWD-620
15475;21-0010;MWD-620
19076;21-0011;MWD-620
19077;21-0012;MWD-620
19078;21-0013;MWD-620
19079;21-0014;MWD-620
19128;20-0014;MWD-630
19129;20-0015;MWD-630
19130;20-0016;MWD-630
19131;20-0017;MWD-630
19437;21-0006;ATM-110
19437;21-0006;ATM-110
19436;21-0005;ATM-110
19436;21-0005;ATM-110
21396;21-0007;ATM-110
21422;210006;UVC-8000
24035;21-0015;MWD-620
24036;21-0016;MWD-620
24037;21-0017;MWD-620
24038;21-0018;MWD-620
22703;21-0002;VMB-120
28131;21-0019;MWD-620
28132;21-0020;MWD-620
31245;21-0004;ATM-111
31246;21-0005;ATM-111
31247;21-0006;ATM-111
31248;21-0007;ATM-111
31249;21-0008;ATM-110
31250;21-0009;ATM-110
31251;21-0010;ATM-110
31249;21-0008;ATM-110
31249;21-0008;ATM-110
31250;21-0009;ATM-110
31251;21-0010;ATM-110
31411;21-0021;MWD-620
31412;21-0022;MWD-620
31413;21-0023;MWD-620
31414;21-0024;MWD-620
31415;21-0025;MWD-620
41764;22-0026;MWD-620
45157;22-0027;MWD-620
45404;22-0028;MWD-620
45405;22-0029;MWD-620
45406;22-0030;MWD-620
45407;22-0031;MWD-620
46129;22-0009;APB-6134-W-8I8O
46130;22-0010;APB-6134-W-8I8O
47647;22-0032;MWD-620
47648;22-0033;MWD-620
47649;22-0034;MWD-620
47650;22-0035;MWD-620
47651;22-0036;MWD-620
